Column,Heart Rate (BPM),Frequency Variability (s),Tachycardic
RED,95.36423841059602,0.14535636285427006,False
IR,103.06748466257667,0.04374088826398532,True
GREEN,107.69230769230771,0.025753937681885615,True
