Column,Heart Rate (BPM),Frequency Variability (s),Tachycardic
RED,71.00591715976331,0.11213830746002902,False
IR,68.62745098039215,0.07228063223242011,False
GREEN,67.41573033707866,0.03872983346207418,False
